name,address,city,zip
Visual Eyes,3945 Main Street,Amherst,14226
Eye Openers,2929 Monroe Avenue,Rochester,14618
SPECTACLE - DISTILLERY,18 Rack House Mews,Toronto,"M5A 3C4, "
The Optic Zone,33 Jarvis Street,Toronto,M5E 1N3
Evok Eyewear + Opticians,175 King St E,Toronto,M5A 1J4
Zoom Optical,145 King Street West,Toronto,M5H 1J8
FYI Doctors- College Park,777 Bay Street,Toronto,M5G 2C8
Minh Chau Optical,305 Spadina Avenue,Toronto,M5T 2E6
Spectacle,"752 Queen Street West, 2nd F.",Toronto,M6J 1E9
Bay Bloor Optometry,"77 Bloor Street West, Ste 1409",Toronto,M5S 1M2
Dr. Shalu Pal & Associates,408-80 Bloor Street West,"Toronto, ON",M5S 2V1
VIEW EYE CARE,BLOOR STREET WEST #480A 151,"TORONTO, ON",M5S 1S4
EYE WONDER OPTICAL,1075 Queen St. W,"Toronto, Ontario",M6J1H3
Summerhill Optometry,92 Shaftesbury Ave,Toronto,M4T 1A5
Rapp Optical,788 College Street,Toronto,M6G 1C6
Owl Optometry,173 Roncesvalles Ave,"Toronto, ON",M6R 2L3
St. Clair Eye Clinic,"822 St. Clair Ave. West, #26",Toronto,M6C 1C1
SPECTACLE - LAWRENCE PARK,3342 Yonge St.,"Toronto, ON",M4N 2M4
Queen Spectacle II,Lakeshore Road East 102,"Port Credit, ON",L5G 1E3
York Mills Eye Care,97 Wilson Avenue,"North York, Toronto",M5M 2Z9
Designer's Optica 2,321 Cornwall Rd. Unit #101,"Oakville, ON",L6J 7Z5
Optical Thirty 8,"B3, 1475 Dundas Street East",Mississauga,L4X 1L3
FYI Doctors,"25 King Street, Suite C 248",Toronto,M3L1G5
WALES OPTICAL,"Hwy #7E, Unit 87 & 88 3255","Markham, ON",L3R 3P9
Ideal Optical,4559 Hurontario St. Unit #3A,"Mississauga, ON",L4Z 3L9
MDO Opticians - Burlington,1025 Plains Rd E #101,Burlington,L7T 4K1
The Optical Tailor,217 Queen Street South,"Mississauga, ON",L5M 1L6
BLUR EYEWEAR DUNDAS,95 King Street West,Dundas,L9H 1V1
Hanley's Eyewear Boutique,241 Wilson Street East,"Ancaster, Ont",L9G 2B8
DR DANIEL RAYMAN OPTOMETRY,372 Tower Hill Rd #9,Richmond Hill,L4E 0T8
MAHIL OPTOMETRY,123 West Drive,Brampton,L6T 2J6
Optica Hermoso,14981 Yonge Street,"Aurora, ON",L4G 1M5
One Vision Eyecare,"19101a Leslie Street, Unit C5",Sharon,L0G 1V0
Young's Optical,28 Cambridge Street South,Lindsay,K9V 3B6
SUN OPTICS,"2200 S. 10th Street, #KI12 LA ","MCALLEN, TX",78503
Spectacles of Naples,9118 Strada Place,Naples,34108
Just One Look,11401 NW 12th Street,Miami,33172
Point of View,11401 NW 12th Street,"Miami, FL",33172
I Designs,210 Miracle Mile ,Miami,33134
The Eye Project,2030 Douglas Rd #120,"Coral Gables, FL",33134
Designer Eyes @ Brickell City ,"701	South Miami Avenue, 2Nd Fl",Miami,33131
Framed Eyewear,1656 Lenox Ave,Miami Beach,33149
The Webster,1220 Collins Ave,Miami Beach,FL 33139
Eyes on Lincoln,708 Lincoln Road,"Miami Beach, FL",33139
EYEMAX,620 Lincoln Road,Miami Beach,33139
The Miami Beach Edition,2901 Collins Avenue,Miami Beach,FL 33140
Next Level Optical,14711 Biscayne Boulevard,"North Miami, FL",33181
The Webster Bal Harbour,9700 Collins Ave No 204,Miami,FL 33154
Optica Bal Harbour,9700 Collins Avenue,"Bal Harbour, FL",33154
Point of View,12801 W. Sunrise Blvd,"Sunrise, FL",33323
Coco Lunette Aventura LLC,Aventura Mall,"Aventura, Florida",33180
Optic Gold Inc.,16810 Collins Avenue,"Sunny Isles Beach, FL",33160
Exotic Eyewear,2501 N. Federal Hwy,"Fort Lauderdale, FL",33305
Insight Optics, 3330 Northeast 33rd Street,Fort Lauderdale,33308
Eyes of Wellington,13860-3 Wellington Trace,Florida,33414
Eyes of Wellington,13860-3 Wellington Trace,"Wellington, FL",33155
Eyes of Wellington Green,10300 Forest Hill Blvd. Ste 16,"Wellington, FL",33414
Eyes Of Wellington,"10300 W. Forest Hill, Ste 161",Wellington,33414
Morgenthal Frederics,311 Worth Avenue,Palm Beach,33480
Joe Brand,5300 San Dario Ave,Laredo,TX 78041
Clear Vision Express,5401 Mc Pherson Road,"Laredo, TX",78041
IOptics Eyewear,6691 N. Thornydale Road,"Sarasota, FL",34236
SPECTACLE GALLERY,1286 N. Palm Ave,Sarasota,
OPTIK! European Eyewear,"300 Beach Dr. NE, Ste 115",Saint Petersburg,33701
Optics Soho,711 South Howard Avenue,Tampa,33606
SHADEZ OF VERO,3115 Ocean Drive,"Vero Beach, FL",3115
Designer Eyes,"8001	Orange Blossom Trail, Sui",Orlando,32809
Optica Orlando,8001 S. Orange Blossom Trail ,"Orlando, Florida",32809
Optica Florida Mall,8001 S. Orange Blossom Trail ,"Orlando, Florida",32809
Optica ,8001	S Orange Blossom Trail,Orlando,32809
Oculus Eyewear,5024 Broadway,Alamo Heights,78209
Oculus Eyewear,N Loop 1604 W Ste# 3104,"San Antonio, TX",78232
OPTIQUEYE,6144 Sienna Ranch Rd Ste# 600,Missouri City,77459
Optical Edge, 14870 Space Center Blvd,Houston,TX 77062
Oculus Eyewear,2430 S. IH 35 #110,San Marcos,78666
Look + See Vision Care,"2007	S 1St Street, Suite 104",Austin,78704
Optique,211 Walter Seaholm Dr. #140,Austin,78701
Capital Eye Group,"11500 Bee Cave Rd., Ste 100","Austin, TX",78738
Santa Fe Optical Jefferson,1601 West 38th Street,Austin,78731
Eye Joy,5209 N Lamar Blvd,Austin,78751
Austin Vision Center,7301 North Fm 620 N Suite 165,Austin,78726
Optique,"11624 Rock Rose Ave, Suite 126","Austin, TX",78758
Monocle Premier Eye Care,4061 Bellaire Blvd.,Houston,
Optica ,"5085	Westheimer, Suite 2805",Houston ,77056
Optica Houston,5085 Westheimer Ste 2805,"Houston, Texas",77056
The Webster Houston,5045 Westheimer Rd # X09,Houston,TX 77056
The Eye Gallery - Post Oak,"1700 Post Oak Blvd, 1BLV Place","Houston, TX",77056
The Eye Gallery - River Oaks,1806b Westheimer Road,Houston,77098
Eye Society,"714 Yale Street, Suite 2G","Houston, TX",77007
The Woodlands Eye Center,10807 Kuykendane Road #408,Spring,77382
Boreing Vision Clinic,500 West McNeese Street,Lake Charles,70605
ART & EYES,MAGAZINE STREET 3708,"NEW ORLEANS, LA",70115
St. Charles Vision,3200	Severn Street ,Metairie,70002
Smarter Eyewear LLC,3535 Perkins Rd #330,Baton Rouge,LA 70808
St. Johns Eye Associates,"100 Marketside Ave, Ste. 305","Ponte Vedra, FL",32081
CEDAR PARK VISION,"908 W. Whitestone Blvd, STE 10","CEDAR PARK, TX",78613
Lifetime Vision Care,408 N. Mays Street,"Round Rock, TX",78664
Eye Trends - College Station,3525 Longmire Dr Ste K,TX, 77845
Eyes On Fifth, 228 5th Avenue,San Diego,92101
The UnOptical,1010 University Ave C109,San Diego,CA 92103
Optica Fashion Valley,7007 Friars Rd Ste 667,San Diego CA,92108
BE SEEN OPTICS,"5702 La Jolla Boulevard, Suite",La Jolla,92037
GW Eye Associates,7841 Fay Avenue,"La Jolla, CA",92037
Clear Vision Express,6691 N. Thornydale Road,"Marana, AZ",85741
Clear Vision Express,9630 N Oracle Rd,Oro Valley AZ,85704
Fine Eyes Eyewear,118 West Jackson Street,"Ridgeland, MS",39157
Wink Optometry & Eyewear,"2673 Via De La Valle, Ste F","Del Mar, CA",92014
Europtics Encinitas,947 South Coast Highway 101,"Encinitas, California",92024
Modern Eyes Optometry,"7630	Via Campanile, Suite 134",Carlsbad,92009
Scope Optometry,1725 Westcliff Drive,"Newport Beach, CA",92660
La Paz Optometric Center,"25260 La Paz Road, Suite G","Laguna Hills, CA",92653
Laguna Eye Care,24100 El Toro Road,Laguna Woods,CA 92637
Eyestyles for Lifestyles,22681 Lake Forest Dr,"CA, Lake Forest",92630
"Kathleen Anderson, Od","22312 El Paseo, Suite",Rancho Santa Margarita,92688
OC Eye Designs Optometry,1545 Adams Avenue,Costa Mesa,92626
CONCOURSE OPTOMETRY,2272 Michelson Dr #110,"Irvine, CA",92612
Woodbridge Optometry,"4505 Barranca Parkway, Suite C",Irvine,
WOODBRIDGE OPTOMETRY,Barranca PKWY 4505,"IRVINE, CA",92604
Urban Eyecare Uptown,"100 E. Camelback Rd, Ste 124","Phoenix, AZ",85012
The Village Eyeworks,5813 N 7th Street Suite 103,Phoenix,AZ 85014
Scottsdale Eyewear,"7001 N. Scottsdale Rd, Ste D-1","Scottsdale, AZ",85253
The Village Eye Works,10625 North Tatum Boulevard,Phoenix,85028
Lumiere Optique,15444 N Greenway Hayden Loop,"Scottsdale, AZ",85260
Black Optical Fort Worth,5145 Monahans Ave Unit F220A,"Fort Worth, TX",76109
Eyes Nouveau,3000 S Hulen St,Fort Worth,TX 76109
ADAIR OPTICAL,3550 West 7th Street,"Fort Worth, CA",76107
Colleyville Vision Associates,1213	Hall Johnson Rd. Ste 300,Colleyville,76034
Schaeffer Eye Center,"9709	Parkway East, Suites A&B",Birmingham,35215
Bolt Eye Group - Riverdale,131 Upper Riverdale Rd.,"Riverdale, GA",30274
Advanced Eye Care,310 Avenue I ,"Redondo Beach, CA",90277
Trendy Sunglasses,223 Manhattan Beach Blvd,"Manhattan Beach, CA",90266
MALIBU IN SIGHT OPTOMETRY,"23401 Civic Center Way, Suite ","Malibu, CA",23401
Stein Optometric, 3200 North Sepulveda Boulevar,Manhattan Beach,90266
Advanced Eyecare,"Rosecrans Ave, Ste 1215",90245 Manhatten Beach,
Belmont Shore Optometric,5219 Eeast 2nd Street,"Long Beach, CA",90803
Optometry Store,5724 E 7th St,CA-Long Beach,90803
Good See Company,Ocean Front Walk 801,"Venice Beach, CA",90291
Eyes On The Marina Optometry,"13455 Maxella Avenue, Unit 135",Marina del Rey,
Hoff Optometry,1636 Abbot Kinney Blvd.,"Venice, CA",90291
Modo Optometry,4718 ¾ Admiral Way,Marina del Rey,90292
Runway Optometry  ,1275 W. MILLENNIUM WAY,Playa Vista,CA 90094
Lvc Optometry,"7251	Warner Ave, Ste H",Huntington Beach,92647
Vision Source,"1234 7th Street, Suite 2",Santa Monica,90401
Montana Optometry,1312 Montana Avenue,Santa Monica,90403
Selima Et Benjamin,225 26Th Street Suite 24,Santa Monica,90402
Hour Glass Optical,12431 Wilshire Blvd,"Los Angeles, CA",90025
Friedman Optometry,10724 Washington Blvd.,Culver City,90232
Eye Smart Optometry,"9200 Bolsa Avenue, Suite 119A",Westminster,
Optometrix Brentwood,11701 Wilshire Blvd,"Brentwood, CA",90025
Eyesite Optometric Group ,11696 San Vicente Boulevard,"Brentwood, Los Angeles",90049
Vitra Eyewear ,"3333 Bear Street, Ste 153",Costa Mesa,
Davante @ South Coast Plaza,"3333	Bristol Street, Suite 161",Costa Mesa,92626
The Webster Costa Mesa,"3333 Bristol Street, #2889",Costa Mesa,CA 92626
Occhiali Fine Eyewear,1046 Coast Village Road,Montecito,93108
Good Eye Optometry,Barrington Court 11718,"Los Angeles, CA",90049
Optx Fine Eyewear,23673 Calabasas Rd,Calabasas,CA 91302
Nara Optometry,9580 Garden Grove Blvd.,1529 Garden Grove CA,92844-
Dr. Dayyani Eye Care,2635 S. Robertson Blvd.,Los Angeles,CA 90034
MAMEG,9970 Santa Monica Blvd,Beverly Hills,CA 90212
Optometric Cafe,277 S. Beverly Drive,Beverly Hills,90212
MYKITA Shop Los Angeles,847 South Broadway,Los Angeles,90014
Golden Vision Optometry,15333 Culver Drive,Irvine,92604
JACKSON LAU OD,"435 N Roxbury Drive, Suite 310","Beverly Hills, CA",90210
John D. Hofbauer M.D.,N. Bedford Dr. #300 416,"Beverly Hills, CA",90210
Morgenthal Frederics ,309 North Beverly Drive,Los Angeles,90210
Richlin Eye Associates,"8907 Wilshire Blvd, 3rd floor",Beverly Hills,
Dan Deutsch Optical Outlook,8358	West 3Rd Street,Los Angeles,90048
LEICA Store Los Angeles,8783 BEVERLY BLVD.,Los Angeles,90048
1001 Optical,2880 W. Olympic Blvd. #101,Los Angeles,90006
Gold Optometry,833 S. Western Ave. #2,Los Angeles,90005
H Lorenzo North Robertson ,474 N Robertson Blvd ,West Hollywood,CA 90048 
Italee Optometry,978 South Vermont Avenue,Los Angeles,90006
Opening Ceremony Los Angeles,451 North La Cienega Boulevard,Los Angeles,90048
American Rag CIE,150 South La Brea Ave,Los Angeles,90036
Fourtwofour On Fairfax,424 N. Fairfax Avenue,Los Angeles,90036
Dover Street Market LA,608 Imperial St,Los Angeles,90021
OC Eyecare Optometry,1201 N Rose Dr. Suite 100,CA-Placentia,92870
Positive Eye Ons Optometry,940 N. Fairfax Ave,"West Hollywood, CA",90046
Alexander Daas Opticians,161 N Larchmont Blvd,"Los Angeles, CA", 90004
H. Lorenzo,8660 West Sunset Boulevard,Los Angeles,90069
Dan Deutsch-Sunset,8624 Sunset Boulevard,"Los Angeles, CA",90069
Eyetailor,4310 Melrose Avenue,Los Angeles,90029
Eyesite Optometric Group ,2940 N. Beverly Glen Circle,"Bel Air, Los Angeles ",90077
Gogosha Optique,1555 Sunset Boulevard,Los Angeles,90026
Oav Ophthalmology,16311 Ventura Boulevard,Encino,91436
Optical Universe,18663 Ventura Boulevard,Los Angeles,91356
Lord Of Optic,"6600	Topanga Canyon Blvd., #20",Canoga Parc,91303
Eye Candy Optometry,"12240,5 Ventura Boulevard",Studio city,91604
Dan Deutsch-Studio City,Ventura Blvd. 12050,"Studio City, CA",91606
Optical Connection,Ventura Blvd 11996,Studio City,91604
Optical Solution Optometry,2814 Hyperion Avenue,Los Angeles,
Golden San Gabriel Optometric,"140 W. Valley Blvd, Ste 115",San Gabriel,
Golden Rowland H. Optometry,1015 S Nogales Str Ste#109A,Rowland Heights,91748
Optica Glendale Galleria,2201 Glendale Galleria Sp A-1 ,"Glendale, California",91210
Optica,2201	Glendale Galleria ,Glendale,91210
Accessor Eyes Optometry,"155 Cordova Street, unit 168","Pasadena, CA",91105
Moda Optique ,415 S. Lake Ave. Ste 104,Pasadena,91101
Lumen Optometric ,14 W. Sierra Madre Blvd,Sierra Madre,
Desert Vision, 555 South Sunrise Way,Palm Springs,92264
BE SEEN OPTICS,73-375 El Paseo Drive Unit E,Palm Desert,92260
Glass Optical,833 W. Davis Street,Dallas,
GLASS OPTICAL,W. DAVIS STREET 833,"DALLAS, TX",75208
Uptown Vision,3710 Rawlins St #100,Dallas,75219
Goo Goo Eyes,4410 Lover’s Lane,Dallas,75247
Black Optical ,"4525 Cole Ave, Suite 150",Dallas,75205
Occhiali Modern Optics,8304 Preston Center Plaza,Dallas,75225
L’Optique of Dallas,11930 Preston Road,Dallas,75230
Risi Optique,6959 Lebanon Rd Suite 104,Texas 75034,Frisco
Perception Eyecare & Eyewear,4150	E. Renner St. Suite 300,Richardson,75082
McKinney Eyeworks,"West Eldorado Parkway, Suite 1",McKinney,
Oxford University Eyewear,2708	West Oxford Loop,Oxford,38655
Midtown Eye care,650 Ponce de Leon Avenue,Atlanta,30308
MIDTOWN OPTICAL,650 Ponce de Leon Ave,"Atlanta, GA",30308
Ansley Eye Care,1544 Piedmont Ave NE,Atlanta,30324
Bolt Eye Group - Decatur,216 Church St,"Decatur, GA",30030
Ansley Eye Care,"22 E Andrews Drive NW, Ste B","Atlanta, GA",30305
Salle Optician,3500 Peachtree Rd NE,"Atlanta, GA",30326
Bolt Eye Group - East Cobb,"2255 Sewell Mill Rd., Ste 310","Marietta, GA",30062
Pritchett Eye Care,3005 Old Alabama Rd. Suite 300,"Johns Creek, GA",30022
b. spectacled,50 Canton Street,Alpharetta,30022
Reimbold Eye Group,4180 Old Milton Pkwy Suite 1D,"Alpharetta, GA",30005
b.spectacled,991 Peachtree Industrial Blvd,"30024, Suwanee, GA",Ste 114
Bolt Eye Group - Canton,"2060 Cumming Hwy, Ste 400","Canton, GA",30115
CUSTOM EYES,1540 S 2nd Street,"Wilmington, NC",28401
OJO Optique – Albuquerque,"3339 Central NE, Suite B",Albuquerque,NM 87106
James Eyecare & Optics Gallery,17711 Chenal Parkway Suite I-1,Little Rock,72223
Eye Society,"6450 Poplar Avenue, Ste #117","Memphis, TN",38119
Eclectic Eye ,38017S Houston Levee Rd U102,Collierville,
Eclectic Eye,242 Cooper Street,Memphis,38104
Potpourri Eyewear,376 Main Street,"Highlands, NC",28741
NuVue Optical- Copper,Copper Way Suite 100 12105,"Charlotte, NC",28277
Autarchic Spec Shop,1600 E. Woodlawn Rd Suite 362,"Charlotte, NC",28209
Ojo Optique,125 Lincoln Avenue #114,"Santa Fe, NM",87501
Black Optical,5820 North Classen Boulevard,Oklahoma City,73118
TSO Optical, 3840 South Boulevard,Edmund,73013
Mertins Eye & Optical,640 North Garland Avenue,Fayetteville,72701
L'Optique - Ashville N.C.,Wall Street 30,"Asheville, NC",28801
NC EYE ASSOCIATES,1429 Kelly Rd,"Apex, NC",27502
The Spectacle,4209 Lassiter Mill Road,Raleigh,27613
Optica,3950 S Las Vegas Blvd.,Las Vegas,89109
Optica Mandalay Bay Resort,3950 Las Vegas Blvd S.,Las Vegas NV 89119,
Optica MGM,"MGM Hotel, 3799 LV Blvd S","Las Vegas, Nevada",89109
Optica,3799	Las Vegas Boulevard South,Las Vegas,89109
Optica,3600 S Las Vegas Blvd,Las Vegas,89110
Davante @ Forum Shops,3500	Las Vegas Boulvevard Sout,Las Vegas,89109
LEICA Store Las Vegas,Las Vegas Blvd South 3500,Las Vegas,89190
Optica,3401 S Las Vegas Blvd.,Las Vegas,89109
Optica ,3377 S Las Vegas Blvd.,Las Vegas,89109
Scene,3325 S Las Vegas Blvd,Las Vegas,89109
Optica Fashion Show,3200 LV Blvd S. Ste 1670,Las Vegas NV,89109
Insight Eyecare Jenks,301 West Main Street,"Jenks, OK",74037
Black Optical,3624D South Peoria Avenue,Tulsa,74105
Look East ,966 Main Street,Nashville,TN 37206
C. EYEWEAR,S. STRATFORD RD. STE B 302,"WINSTON SALEM, NC",27103
Visual Edge Optometry,8050 Santa Teresa Blvd,"Ste #110, Gilroy CA",11021
Eye Contact Optometry,350 N Santa Cruz Ave,Los Gatos,CA 95030
Morgan Hill Eyecare Optometry,16985 Monterey Rd. Ste 318,"Morgan Hill, CA",95037
Golden Cupertino Optometry,19459 Stevens Creek Blvd. Suit,"Cupertino, CA",95014
Lux Eyewear,1805 El Camino Real,Palo Alto,94306
Accent On Eyewear,Santa Cruz Avenue 729, Menlo Park,94025
Peninsula Optical,417 University Avenue417,Palo Alto,94301
Wave Optical,"1628 Hostetter Road, Ste I","San Jose, CA",95131
Clear Optometry,138 E 3Rd Avenue,San Mateo,94401
Peninsula Ophthalmology,"1720	El Camino Real, Ste 225",Burlingame,94010
Eyewear Durango,140 E 12Th Street,Durango,81301
Eyedentity Vision,Diamond St. 2786,"San Francisco, CA",94131
Spectacles for Humans,3862 24th Street,San Francisco,94114
Opt Optometric,1415 Valencia Street,San Francisco,94110
Eye Gotcha,586 Castro Street ,San Francisco,94114
Hyperoptics Optometry,1728 Haight Street,"San Francisco, CA",94117
Invision Optometry,1907 Fillmore Street,San Francisco,94115
Denny Eye & Laser,"711 Van Ness Ave., Suite 300 ","San Francisco, CA",94102
Loop Optometry,252 5Th Street,San Francisco,94103
Eye in Disguise Optometry,2189 Union St,San Francisco,
San Francisco Optics,2248 Chestnut Street,San Francisco,94123
Optica San Francisco,845 Market St Ste 410,San Francisco CA,94103
Spectacles San Francisco,Maiden Lane 177,"San Francisco, CA",94108
Looksie Optometry,270 Spear Street,"San Francisco, CA",94105
Eye Carumba Optometry,"4, Embarcadero Center",San Francisco,
Rims & Goggles Strawberry,Strawberry Village 606,"Mill Valley, CA",94941
Eyes On Magnolia Optometry,1102 Magnolia Avenue,Larkspur,
Grand Lake Optometry, 3330 Grand Avenue,Oakland,94610
Rims & Goggles ,+1 510 225 0960,Bekerley,
Solano EyeCare , 1051 Solano Avenue,Albany,94706
Luminance Vision,3444 Mt Diablo Blvd,Lafayette,
Poplar Spectacles Optometry,"215 Alamo Plaza, Suite D",Alamo,94507
Eye Love Optometry,2704	Pinole Valley Road,Pinole,94564
Uber Optics,19 Kentucky Street,"Petaluma, CA",94952
LYONS OPTOMETRY,"LAKEWOOD, SUITE #11 8911","WINDSOR, CA",95492
Moab Eyecare,3031 S Hwy 191,"Moab, UT",84532
Barton Perreira,525 East Cooper Avenue,Aspen,81611
Morgenthal Frederics,533 East Cooper Avenue,Aspen,81611
Eye Pieces of Vail,49 Wood Rd. Unit #407,"Snowmass Base Village, CO",81615
Wink Eyewear Lawrence,806 Massachusetts Street,Lawrence,66044
Brookside Optical Overland Par,7111 W 135th Street,Overland Park,66223
Eye Style Optics,4050 Indian Creek Pkwy,Overland Park,66207
Brookside Optical,Tomahawk Road 6935,"Prairie Village, KS, KS",66208
Barton Perreira,319 E 55th Street,Kansas City,64113
Eye Care Partners,"15933 Clayton Road, Ste 200",Ballwin,63011
The Eye Bar ,169 Carondelet Plaza,Clayton,63108
The Eye Bar,401 North Euclid Avenue,Saint Louis,63108
MYKITA Shop Washington,3001 M Street NW,Washington DC,20007
Voorthuis Opticians Alexandria,530 King Street,Alexandria,22314
Visual Eyes Optometrists,4018 Campbell Avenue ,Arlington,22206
Virginia Vision Associates,3800 N Fairfax Dr,VA 22203,Arlington
Georgetown Opticians Wisconsin,1307 Northwest Wisconsin Avenu,Washington,20007
Georgetown Opticians Wisconsin,660 Pennsylvania Avenue SE,Washington,20003
LEICA Store Washington,977 F STREET NW ,Washington,20004
Voorthuis Opticians Washington,New Mexico Avenue 3301,"Washington DC, DC",20016
"Eyetopia, Inc.",223 Loudoun St. Se,Leesburg,20175
Village Eye Center,9812 Falls Road,Potomac,20854
Moda Optic,"130 Rollins Avenue, Suite G","Rockville, MD",20852
Eye Pieces of Vail ,46 Avondale Ln,"Avon, CO",81620
Eye Pieces of Vail ,0056 Edwards Village Blvd. Uni,"Edwards, CO",81632
Eye Pieces of Vail,675 Lionshead Place Vail,Vail,81657
Eye Pieces of Vail,Arrabelle Square,Vail,81657
Eye Pieces of Vail ,278 Hanson Ranch Rd,"Vail Village, CO",81657
Eye Pieces of Vail ,122 East Meadow Drive,"Vail, CO",81657
Europtics,7301	S. Santa Fe Drive,Littleton,80120
Europtics,6010 S. Holly Street,Greenwood Village,CO 80111
VISION CARE SPECIALISTS,S. SYRACUSE 6160,"GREENWOOD VILLAGE, CO",80111
Artisan Optical,28 S. Broadway,Denver,CO 80209
Europtics, 100 Fillmore Street,Denver,80206
Vision Care Specialists,2795 S. Colorado Blvd,Denver,
Europtics,265 E. Flatiron Crossing Drive,Broomfield,80021
Wink Eyewear LLC,2702 Ashland Avenue,"St. Joseph, MO",64506
Zionsville Eyecare,1120 W. Oak Street,"Zionsville, IN",46077
EYES ON MAIN,19 E. MAIN ST.,"CARMEL, IN",46032
Arlington Optical,1756 West Lane Avenue,Upper Arlington,
Paris West,521 North Charles,"Baltimore, MD",21201
ActualEyes,305 Reisterstown Rd,"Pikesville, MD",21208
European Eyewear,741 Harrisburg Pike,Lancaster,17603
Modern Eye West, 3419 Walnut Street,Philadelphia,19104
Modern Eye East,145 South 13th Street,Philadelphia,19107
The Eyeglass Works,4407 Main Street,Philadelphia,19127
American Vision,"W. Dekalb Pike, Ste 2035 690","King of Prussia, PA",19406
Optical Eyeland,945 River Avenue,"Lakewood, NJ",08701
Image Eyes Optical,2008 South 1100 East,Salt Lake City,84106
Image Eyes Optical Downtown, 222 South Main Street,Salt Lake City,84101
Heidi Optics,223 4th Avenue ,Pittsburgh,15222
SPECTACLES F.Y. EYE,138 W. College Avenue,"State College, PA",16801
I Wear,16 West State Street ,Doylestown,18901
Fox Optical,28 East 3Rd Street,Bethlehem,18015
Optique Unique,406 Main Street,Metuchen,8840
Optical Arts Inc,4351 Hylan Blvd.,"Staten Island, NY",10312
Ocean View Optical,254 Brighton Beach Avenue,Brooklyn,11235
Mega Vision Of Brooklyn,187 Avenue U,New York City,11223
Ocean Eyes, 2907 Ocean Avenue,New York,11235
Bright Eyes,Kings Highway 508,"Brooklyn - New York, NY",11223
KINGS HIGHWAY VISION EXPRESS,KINGS HIGHWAY 1302,"BROOKLYN, NY",11229
Kings Highway Vision Center,1302 Kings Hwy,"Brooklyn, NY",11229
Optique Elegance,1552	Coney Island Avenue,Brooklyn,11230
Popular Eyewear,Avenue S 3518,"Brooklyn, NY",11234
The Lens Center,1318	55Th Street,Brooklyn,11219
Precious Vision Inc.,4803 13th Avenue,"Brooklyn, NY",11219
MYKITA Shop New York Soho,458 Broome Street,New York,10013
MYKITA Shop New York UES,962 Madison Avenue,New York,10021
Insight Optiks,482 Central Avenue,"Cedarhurst, NY",11516
Eye Shoppe on 7th,133 7th Avenue,New York,11215
James Leonard,309 Smith Street,New York,11231
My Unique Optique,324 Atlantic Avenue,"Brooklyn, NY",11201
Heights Vision Inc.,"130 Clinton Street, Ste A","Brooklyn, NY",11201
Eye Drop ,84 Front Street,New York City,11201
Envision Optics,505 Flushing Avenue,Brooklyn,
DesignerEyes @Westfield WTC,185 Greenwich Street,New York City ,10007
Eye Solutions,33 Mott Street,New York,10013
Patron of the New,151 Franklin St,New York,NY 10013
Tribeca 2020 Vision,402 Broadway,New York City,10013
H Optics Optometry P.C.,76 Orchard St.,New York City,10002
Atelier Mira,224 Grand Street,"Brooklyn, NY",11211
Opening Ceremony New York,35 Howard St,New York,10013
The Webster NYC,29 Greene Street,New York,NY 10013
Totokaelo,61 Crosby St,New York,NY 10012
ODD,164 Ludlow St,New York,NY 10002
Anne et Valentin,2 Prince Street,New York,10012
Luxeye Optical,171 Bedford Avenue,New York,11211
Morgenthal Frederics,399 West Broadway,New York,10012
Robert Marc,436 West Broadway,New York City,NY10012
Sunny Eye Shop,284 Driggs Ave.,Brooklyn,11222
EYES ON SECOND,SECOND AVENUE 170,"NEW YORK, NY",10003
Robert Marc,386 Bleecker Street,New York City, NY10014
Myoptics Hoboken,322 Washington Street,"Hoboken, NJ",07030
Union Square Optical INC.,9 West 14th Street,"New York, NY",10011
Barton Perreira,649 Hudson Street,New York,10014
VISIONARY OPTICS,123A 7th Avenue ,New York,10011
Eyes On Park,"287 Park Avenue South, #1A","New York, NY",10010
Station Square Eyes,10720 71st Ave ,New York City,11375
Maximeyes,200 West 24th Street ,New York,10011
Dover Street Market NY,160 Lexington Ave,New York,NY 10016
Line Of Sight,512 W 29th Street,"New York, NY",10001
Robert Marc,400 Madison Avenue,New York City,NY10017
Eyellusion Vision Center,69-09 Roosevelt Avenue,Woodside,11377
Clairmont Nichols NYC,1016 1st Avenue,New York,10022
Eye Associates of New York,"133 E 54th Street, Ste 200",New York,10022
Robert Marc,551 Madison Avenue,New York City,NY10022
Leonard Opticians,24 West 55Th Street,New York City,10019
Cohens Fashion Optical,132 W 57th St,New York,NY 10019
Morgenthal Frederics,The Shoppes@10 Columbus Circle,New York,10019
Felice Dee Eyewear,"1305 York Avenue, 11th Floor","New York, NY",10021
Robert Marc,782 Madison Avenue,New York City,NY10065
Leonard Opticians,1264	Third Avenue,New York City,10021
Robert Marc,190 Columbus Avenue,New York City,NY10023
Morgenthal Frederics,944 Madison Avenue,New York,10021
Visionary Optics,1353 3rd Avenue,New York,10075
Anne Et Valentin,248 Columbus Avenue, New York City,10023
Occhiali New York,1188 Lexington Avenue,New York,10028
Robert Marc,1046 Madison Avenue,New York City, NY10075
Eye Q Optometrist,213 West 79th Street,"Manhattan, New York",10024
Eastern Eye Care,144-15 41st Avenue,"Flushing, NY",11355
Robert Marc,1225 Madison Avenue,New York City,NY10128
Gleek & Howard Opticiens,10 South Fullerton Avenue,"NJ, Montclair",07042
La Grande Optical,630 Old Country Rd,Garden City,11530
Optica Roosevelt Field,630 Old Country Road Ste 2086,"Garden City, New York",11530
Cohens Fashion Optical,211-51 26Th Avenue,Bayside,11360
Spectacles,80 Middle Neck Rd.,"Great Neck, NY",11021
Morganthal Frederics Americana,2110-H Northern Boulevard,"Manhasset, NY",11030
Mondo New Line Inc.,20 Dunton Avenue,"Deer Park, NY",11729
Optic Masters,8025 Jericho Turnpike ,"Woodbury, New York",11797
Optic Masters,8025 Jericho Turnpike,Woodbury,
Sunny Vision Corporation,2500	Lemoine Ave ,Fort Lee,07024
Cohen's Fashion Optical,313 Smith Haven Mall,Lake Grove,11755
Main Street Optics,82 Main Street,Southhampton,11968
Robert Max Opticians,8730	Pacific Street,Omaha,68114
Styleyes,650 South Prairie View Drive,West des Moines,50266
Discerning Eye,218 E. Washington Street,"Iowa City, IA",52240
Eye Candy Optical LLC,30311 Detroit Road,"Westlake, OH",44145
Eye Candy Optical II,"400 Park Avenue, Suite 192","Orange, OH",44122
Eye Designs of Westchester,323 Mamaroneck Ave,"Mamaroneck, NY",10543
Eye Designs, 747 White Plains Road,Scarsdale,10583
Eye Gallery - Scarsdale,8 Spenser Road,"Scarsdale, NY",10583
Eye Q Optometrist,1130 Wilmot Road,"Scarsdale, New York",10583
Rye Eye Care,59 Purchase Street,Rye,10580
Main Street Optical,39 Main Street,"Monesy, NY",10952
Hudson River Eye Care,4 North Broadway,Tarrytown,10591
Hudson Spectacles ,42 South Franklin,Nyack,10960
Sound Beach Optiks,177 Sound Beach Avenue,"Old Greenwich, CT",06870
Eye Designs of Armonk,575 Main Street ,Armonk,10504
Eye Gallery,22 S. Greenley Avenue,Chappaqua,
Rhiele Opticians,"104 Main Street, Suite 2",Warwick,10990
Clairmont-Nichols Opticians of,110 S Bedford Road,"Mt. Kisco, NY",10549
Clear Eye Health Eyecare,1240 Post Rd E. Suite 1,"Westport, CT",06880
Katonah Eye Care,51 Katonah Avenue,Katonah,10536
Moda Eyecare,225 Park Avenue,"Clarendon Hills, IL",60514
Town Eye Care,1404 Butterfield Rd,Downers Grove,60515
D/Vision,1756 West Division Street,Chicago,60622
Custom Eyes,134 North La Salle Street,Chicago,60602
Custom Eyes - Logan Square,2650 N. Milwaukee,"Chicago, IL",60647
Custom Eyes,607 N. State,Chicago,60654
Optica,520 Michigan Avenue,Chicago,60611
Luxury Eyesight,1457 North Halsted Street,Chicago,60613
MORGENTHAL FREDERICS Oak St,129 East Oak Street,"Chicago, IL",60611
Assure Vision,S. Arlington Heights 58,"Arlington Heights, IL",60005
Custom Eyes,2110 Roscoe St West,Chicago,60618
WINK OPTICAL-CHICAGO,N. LINCOLN 2736,"CHICAGO, IL",60614
Halsted Eye Boutique,2852 N. Halsted Street,"Chicago, IL",60657
Assure Vision,143 W. Main Street,Barrington ,60010
Custom Eyes Southport, 3539 North Southport Avenue,Chicago,60657
CustomEyes Broadway,"3123 N Broadway Ste A,",Chicago,60657
Visionary Eye Care,5222 North Clark Street,Chicago,60640
Superior Optical,2723 Pfingsten Rd,Glenview,IL 60026
Custom Eyes,1939 Central Street,Evanston,
Northbrook Family Eye Care,"2750 Dundee Road, Suite 2",Northbrook,
Dr. Michael Blechacz,444 S. Rand Rd. Suite 303,Lake Zurich,IL 60047
Blink Optical,654 N Bank Ln,Lake Forest,IL 60045
The Eye Spot,1449 Peterson Road,"Libertyville, IL",60048
The Eyesite,5323 North Main Street,Mishawaka,46545
SEEN Vision Eyecare,3100 Howard Avenue,"Windsor, ON",N8X 3Y8
Focus 313 Eye Care,17135 Kercheval Ave,Grosse Pointe,MI 48230
Sight,17 South Main Street,West Hartford,6107
Opt Eyewear Boutique,138 Wayland Avenue,"Providence, RI",02906
Optica ,1245	Worcester Street,Natick,01760
Optical Designs,68 Central Street,Wellesley,02482
EYESPOT Chestnut Hill,1 Boylston St Ste 3D,"Chestnut Hill, MA",02467
SOMA OPTICAL,8 Union Park Street,"Boston, MA 02118",02118
LEICA Store Boston,Arlington Street 74,Boston,2116
Eye Q Optical,12 Eliot Street,Cambridge,2138
All Eye Care Doctors,1815 Massachusetts Ave,"Ste 117B, Cambridge, MA",02140
All Eye Care Doctors,63 Station Landing,"Medford, MA",02155
All Eye Care Doctors,The Village at Burlington Mall,"Burlington, MA",01803
Ulla Eyewear,526 North Midvale Boulevard,Madison,53705
Be Spectacled,7605 Harwood Avenue,Wauwatosa,53213
Optix On Downer,2567 N Downer Ave,"Milwaukee, WI",53211
Eye Candy ,1515 W. Mequon Rd. ,Mequon,WI 53092
Cascade Optical,"550 Settlers Drive SE, Suite 1","Ada, MI",19301
Optik Birmingham,245 West Maple Street,Birmingham,48009
Optica,"2801	West Big Beaver, Suite E1",Troy,48084
CROSSEYED OPTICAL,705 Wonderland Road N.,"LONDON, ON",N6H 0H8
Visual Eyes,3945 Main Street,Amherst,14226
Eyephoria Optical,100 Cummings Center Ste.97X,MA 01915,Beverly
Sports Vision Bend,1001 NW Wall St. #102,"Bend, OR",97703
Artisan Optics,"7960, West Rifleman Street",Boise,83704
Image Eyes Optical,360 E Sun Valley Rd,Ketchum,83340
Eyes Q,20 Second Avenue South West,Rochester,55902
Insight Eye Care,49 Albert Street,Waterloo,N2L 3S1
Morgenthal Frederics,"699 Madison Avenue, Front A ",New York,10065
Frameology Optical,"5781 Bridge Street, #32","East Syracuse, NY",13057
Eyes On Rosemont,595 Brighton Avenue,Portland,04102
EYEHEALTH NORTHWEST,29250 SW Town Center Loop W,"Wilsonville, OR",97070
Eyestyles Optique," 7367, Southwest Bridge Port",Tigard,97224
SPECTACLE,"2905SWCedar Hills Blvd,Ste100 ","Beaverton, OR",97005
Myoptic Optometry,8046 SE 13th Avenue,"Portland, OR",97202
The Eye Studio,339 Northwest 9th Avenue ,Portland,97209
Spectacle,2250 NW Lovejoy Street,Portland,
Myoptic Optometry,12 South East 28Th Avenue,Portland,97214
Optik PDX,3838 North Mississippi Avenue,Portland,97227
Myoptic Optometry,N Williams Ave 3978,"Portland, OR",97227
Division Optical ,852 Lake St. East ,Wayzata,MN 55391
Specs Optical,2204	Hennepin Avenue South,Minneapolis,55405
Eyes In The Glebe Eyecare,831 Bank Street,Ottawa,
Alain Assedo Opticien,4933 Sherbrooke Ouest,Westmount,H3Z 1H2
Antoine Laoun Opticien,9370 Boulevard Leduc,Brossard,
OKIO Soins de La Vue Inc.,"2155 Rue Crescent, Suite 100","Montreal, QC",H3G 2C1
Antoine Laoun,700 Saint-Catherine St W,Montreal,H3B 1B9
SSENSE,"418, rue Saint-Sulpice",Montreal,H2Y 2V5
La zone optique,4367 Rue Saint-Denis,"Montreal, QC",H2J 2L2
Lunetterie Ora,7700 Av. de Gaspé,"Montreal, QC",H2R 2A4
Antoine Laoun Opticien,6028 Rue Jean-Talon Est,"Saint-Léonard, QC",H1S 3A9
VU,7050 Rue Jean-Talon Est,Anjou,H1M 3M1
Antoine Laoun Inc,"Galeries d’Anjou 1W9, 7999 Blv","Anjou, QC",H1M 1W9
OPTIBOUTIQ,1026 Avenue Cartier,"Quebec City, QC",G1R 2S4
Ykn Sunglasses & Eyeglasses,E-1551 South Park St.,Halifax,B3J 4B4
Eyes On You,1121 1st Avenue,"Seattle, WA",98101
Seattle Vision, 311 Union Street,Seattle,98101
Oculus Eye Care,740 Denny Way,Seattle,WA 98109
EYE EYE Leschi,121 Lakeside Avenue,"Seattle, WA",98122
LEICA Store Bellevue,Bellevue Square 575,Bellevue,98004
Market Optical, 2602 Northeast University Vil,Seattle,98105
Optix Eyewear,16560 Northeast 74th Street,Redmond,98052
Optix Eyewear,"7425 166th Ave NE, Ste C220","Redmond, WA",98052
Maycock Eyecare,1318 Blanshard Street,Victoria BC,V8W 2J1
Inner Harbour Optometry,107-1411 Cook Street,"Victoria, BC",V8V 3P6
EYES ON MAIN,"3591 Chatham Street, Unit #110","Richmond, BC",V7E 2Z1
SNV OPTICAL,"Unit 1025, 4540 No. 3 Road ","RICHMOND, BC",V6X 4E4
Kokko, 2570–4151 Hazelbridge Way ,Richmond,V6X 4J7
Blynx Optical,"3700 No.3 Road, Unit 2315",Richmond,
West 10Th Eyes,4357	West 10Th Avenue,Vancouver,V6R 2H6
Eyes on 12th,W 12th Avenue 1493,"Vancouver, BC",BC V6H 1M6
Wink Optometry,400-4460 Beresford St,Burnaby,BC V5H 0B8
Olympic Village Eye Care,309 W. 2nd Avenue,"Vancouver, BC",V5Y 1C9
Mount Pleasant Optometry Cntr,450 E. Broadway,"Vancouver, BC",V5T 0J5
Sun Optical,110-4603 Kingsway,Burnaby,V5H 4M4
Leisure Center,950 Homer St,Vancouver,V6B 2W7
Eye Star,655 Robson Street,Vancouver,
Eyes on Burrard,775 Burrard Street,"Vancouver, BC",V6Z 1X6
Bruce Eyewear,219 Abbott Street,Vancouver,V6B 2K7
Roden Gray,8 Water St,Vancouver,V6B 1A4
Willingdon Heights Eyecare,4311 Dawson Street,"Burnaby, BC",V5C 0J8
Lynn Valley Optometry,255–123 Lynn Valley Road,"North Vancouver, BC",V7J 0A
SPHERE OPTOMETRY,140 Mahogany Centre SE,"Calgary, AB",T3M 2V6
Chinook Optical,813 49th Ave SW,"Calgary, AB",T2S 1G8
The Brass Monocle Eyewear,806 16Th Ave. S.W.,Calgary,T2R 0S9
The Brass Monocle,806 16 Ave SW,Calgary AB,T2S 0B7
The Brass Monocle,Suite 213-751 3 St SW,Calgary AB,T2P 4K8 ‎
The Brass Monocle,Suite 213-751 3rd St SW,Calgary,T2P 4K8
Respect Eyecare,1020 9th Ave SE #112,"Calgary, AB",T2G 0S7
